plot,scheduler_id,trace_id,trace_scale,request_id,category,x,y
maximum_response,gpfp_asap_block,ext2-synthetic-smoke-v1:segment:0:3:scale:1:resampled:60000000000ns,1,a29e7aad9b00789dd853b42ba5fab3d91903a9173f4cd4f2ed3cbb4cb1e2598f,SIM_PASS_OBSERVED,28,1
energy_blocked_ticks,gpfp_asap_block,ext2-synthetic-smoke-v1:segment:0:3:scale:1:resampled:60000000000ns,1,a29e7aad9b00789dd853b42ba5fab3d91903a9173f4cd4f2ed3cbb4cb1e2598f,SIM_PASS_OBSERVED,0,1
runtime,gpfp_asap_block,ext2-synthetic-smoke-v1:segment:0:3:scale:1:resampled:60000000000ns,1,a29e7aad9b00789dd853b42ba5fab3d91903a9173f4cd4f2ed3cbb4cb1e2598f,SIM_PASS_OBSERVED,0.238132330,1
battery_trajectory,gpfp_asap_block,ext2-synthetic-smoke-v1:segment:0:3:scale:1:resampled:60000000000ns,1,a29e7aad9b00789dd853b42ba5fab3d91903a9173f4cd4f2ed3cbb4cb1e2598f,SIM_PASS_OBSERVED,0,20.0
battery_trajectory,gpfp_asap_block,ext2-synthetic-smoke-v1:segment:0:3:scale:1:resampled:60000000000ns,1,a29e7aad9b00789dd853b42ba5fab3d91903a9173f4cd4f2ed3cbb4cb1e2598f,SIM_PASS_OBSERVED,0,20.0
battery_trajectory,gpfp_asap_block,ext2-synthetic-smoke-v1:segment:0:3:scale:1:resampled:60000000000ns,1,a29e7aad9b00789dd853b42ba5fab3d91903a9173f4cd4f2ed3cbb4cb1e2598f,SIM_PASS_OBSERVED,2,20.0009
battery_trajectory,gpfp_asap_block,ext2-synthetic-smoke-v1:segment:0:3:scale:1:resampled:60000000000ns,1,a29e7aad9b00789dd853b42ba5fab3d91903a9173f4cd4f2ed3cbb4cb1e2598f,SIM_PASS_OBSERVED,2,20.0018
battery_trajectory,gpfp_asap_block,ext2-synthetic-smoke-v1:segment:0:3:scale:1:resampled:60000000000ns,1,a29e7aad9b00789dd853b42ba5fab3d91903a9173f4cd4f2ed3cbb4cb1e2598f,SIM_PASS_OBSERVED,5,20.0036
battery_trajectory,gpfp_asap_block,ext2-synthetic-smoke-v1:segment:0:3:scale:1:resampled:60000000000ns,1,a29e7aad9b00789dd853b42ba5fab3d91903a9173f4cd4f2ed3cbb4cb1e2598f,SIM_PASS_OBSERVED,5,20.0045
battery_trajectory,gpfp_asap_block,ext2-synthetic-smoke-v1:segment:0:3:scale:1:resampled:60000000000ns,1,a29e7aad9b00789dd853b42ba5fab3d91903a9173f4cd4f2ed3cbb4cb1e2598f,SIM_PASS_OBSERVED,6,20.0045
battery_trajectory,gpfp_asap_block,ext2-synthetic-smoke-v1:segment:0:3:scale:1:resampled:60000000000ns,1,a29e7aad9b00789dd853b42ba5fab3d91903a9173f4cd4f2ed3cbb4cb1e2598f,SIM_PASS_OBSERVED,6,20.0045
battery_trajectory,gpfp_asap_block,ext2-synthetic-smoke-v1:segment:0:3:scale:1:resampled:60000000000ns,1,a29e7aad9b00789dd853b42ba5fab3d91903a9173f4cd4f2ed3cbb4cb1e2598f,SIM_PASS_OBSERVED,6,20.0053
battery_trajectory,gpfp_asap_block,ext2-synthetic-smoke-v1:segment:0:3:scale:1:resampled:60000000000ns,1,a29e7aad9b00789dd853b42ba5fab3d91903a9173f4cd4f2ed3cbb4cb1e2598f,SIM_PASS_OBSERVED,7,20.0053
battery_trajectory,gpfp_asap_block,ext2-synthetic-smoke-v1:segment:0:3:scale:1:resampled:60000000000ns,1,a29e7aad9b00789dd853b42ba5fab3d91903a9173f4cd4f2ed3cbb4cb1e2598f,SIM_PASS_OBSERVED,7,20.0053
battery_trajectory,gpfp_asap_block,ext2-synthetic-smoke-v1:segment:0:3:scale:1:resampled:60000000000ns,1,a29e7aad9b00789dd853b42ba5fab3d91903a9173f4cd4f2ed3cbb4cb1e2598f,SIM_PASS_OBSERVED,8,20.0063
battery_trajectory,gpfp_asap_block,ext2-synthetic-smoke-v1:segment:0:3:scale:1:resampled:60000000000ns,1,a29e7aad9b00789dd853b42ba5fab3d91903a9173f4cd4f2ed3cbb4cb1e2598f,SIM_PASS_OBSERVED,8,20.0069
battery_trajectory,gpfp_asap_block,ext2-synthetic-smoke-v1:segment:0:3:scale:1:resampled:60000000000ns,1,a29e7aad9b00789dd853b42ba5fab3d91903a9173f4cd4f2ed3cbb4cb1e2598f,SIM_PASS_OBSERVED,11,20.008
battery_trajectory,gpfp_asap_block,ext2-synthetic-smoke-v1:segment:0:3:scale:1:resampled:60000000000ns,1,a29e7aad9b00789dd853b42ba5fab3d91903a9173f4cd4f2ed3cbb4cb1e2598f,SIM_PASS_OBSERVED,11,20.007900000000003
battery_trajectory,gpfp_asap_block,ext2-synthetic-smoke-v1:segment:0:3:scale:1:resampled:60000000000ns,1,a29e7aad9b00789dd853b42ba5fab3d91903a9173f4cd4f2ed3cbb4cb1e2598f,SIM_PASS_OBSERVED,12,20.007900000000003
battery_trajectory,gpfp_asap_block,ext2-synthetic-smoke-v1:segment:0:3:scale:1:resampled:60000000000ns,1,a29e7aad9b00789dd853b42ba5fab3d91903a9173f4cd4f2ed3cbb4cb1e2598f,SIM_PASS_OBSERVED,12,20.0073
battery_trajectory,gpfp_asap_block,ext2-synthetic-smoke-v1:segment:0:3:scale:1:resampled:60000000000ns,1,a29e7aad9b00789dd853b42ba5fab3d91903a9173f4cd4f2ed3cbb4cb1e2598f,SIM_PASS_OBSERVED,13,20.0073
battery_trajectory,gpfp_asap_block,ext2-synthetic-smoke-v1:segment:0:3:scale:1:resampled:60000000000ns,1,a29e7aad9b00789dd853b42ba5fab3d91903a9173f4cd4f2ed3cbb4cb1e2598f,SIM_PASS_OBSERVED,13,20.0073
battery_trajectory,gpfp_asap_block,ext2-synthetic-smoke-v1:segment:0:3:scale:1:resampled:60000000000ns,1,a29e7aad9b00789dd853b42ba5fab3d91903a9173f4cd4f2ed3cbb4cb1e2598f,SIM_PASS_OBSERVED,13,20.0073
battery_trajectory,gpfp_asap_block,ext2-synthetic-smoke-v1:segment:0:3:scale:1:resampled:60000000000ns,1,a29e7aad9b00789dd853b42ba5fab3d91903a9173f4cd4f2ed3cbb4cb1e2598f,SIM_PASS_OBSERVED,13,20.006400000000003
battery_trajectory,gpfp_asap_block,ext2-synthetic-smoke-v1:segment:0:3:scale:1:resampled:60000000000ns,1,a29e7aad9b00789dd853b42ba5fab3d91903a9173f4cd4f2ed3cbb4cb1e2598f,SIM_PASS_OBSERVED,17,20.0038
battery_trajectory,gpfp_asap_block,ext2-synthetic-smoke-v1:segment:0:3:scale:1:resampled:60000000000ns,1,a29e7aad9b00789dd853b42ba5fab3d91903a9173f4cd4f2ed3cbb4cb1e2598f,SIM_PASS_OBSERVED,17,20.0035
battery_trajectory,gpfp_asap_block,ext2-synthetic-smoke-v1:segment:0:3:scale:1:resampled:60000000000ns,1,a29e7aad9b00789dd853b42ba5fab3d91903a9173f4cd4f2ed3cbb4cb1e2598f,SIM_PASS_OBSERVED,19,20.0031
battery_trajectory,gpfp_asap_block,ext2-synthetic-smoke-v1:segment:0:3:scale:1:resampled:60000000000ns,1,a29e7aad9b00789dd853b42ba5fab3d91903a9173f4cd4f2ed3cbb4cb1e2598f,SIM_PASS_OBSERVED,23,20.0045
battery_trajectory,gpfp_asap_block,ext2-synthetic-smoke-v1:segment:0:3:scale:1:resampled:60000000000ns,1,a29e7aad9b00789dd853b42ba5fab3d91903a9173f4cd4f2ed3cbb4cb1e2598f,SIM_PASS_OBSERVED,25,20.0053
battery_trajectory,gpfp_asap_block,ext2-synthetic-smoke-v1:segment:0:3:scale:1:resampled:60000000000ns,1,a29e7aad9b00789dd853b42ba5fab3d91903a9173f4cd4f2ed3cbb4cb1e2598f,SIM_PASS_OBSERVED,40,20.0119
battery_trajectory,gpfp_asap_block,ext2-synthetic-smoke-v1:segment:0:3:scale:1:resampled:60000000000ns,1,a29e7aad9b00789dd853b42ba5fab3d91903a9173f4cd4f2ed3cbb4cb1e2598f,SIM_PASS_OBSERVED,50,20.021900000000002
battery_trajectory,gpfp_asap_block,ext2-synthetic-smoke-v1:segment:0:3:scale:1:resampled:60000000000ns,1,a29e7aad9b00789dd853b42ba5fab3d91903a9173f4cd4f2ed3cbb4cb1e2598f,SIM_PASS_OBSERVED,50,20.0229
battery_trajectory,gpfp_asap_block,ext2-synthetic-smoke-v1:segment:0:3:scale:1:resampled:60000000000ns,1,a29e7aad9b00789dd853b42ba5fab3d91903a9173f4cd4f2ed3cbb4cb1e2598f,SIM_PASS_OBSERVED,59,20.0305
battery_trajectory,gpfp_asap_block,ext2-synthetic-smoke-v1:segment:0:3:scale:1:resampled:60000000000ns,1,a29e7aad9b00789dd853b42ba5fab3d91903a9173f4cd4f2ed3cbb4cb1e2598f,SIM_PASS_OBSERVED,59,20.0314
battery_trajectory,gpfp_asap_block,ext2-synthetic-smoke-v1:segment:0:3:scale:1:resampled:60000000000ns,1,a29e7aad9b00789dd853b42ba5fab3d91903a9173f4cd4f2ed3cbb4cb1e2598f,SIM_PASS_OBSERVED,61,20.0323
battery_trajectory,gpfp_asap_block,ext2-synthetic-smoke-v1:segment:0:3:scale:1:resampled:60000000000ns,1,a29e7aad9b00789dd853b42ba5fab3d91903a9173f4cd4f2ed3cbb4cb1e2598f,SIM_PASS_OBSERVED,61,20.0323
battery_trajectory,gpfp_asap_block,ext2-synthetic-smoke-v1:segment:0:3:scale:1:resampled:60000000000ns,1,a29e7aad9b00789dd853b42ba5fab3d91903a9173f4cd4f2ed3cbb4cb1e2598f,SIM_PASS_OBSERVED,61,20.0326
battery_trajectory,gpfp_asap_block,ext2-synthetic-smoke-v1:segment:0:3:scale:1:resampled:60000000000ns,1,a29e7aad9b00789dd853b42ba5fab3d91903a9173f4cd4f2ed3cbb4cb1e2598f,SIM_PASS_OBSERVED,65,20.0334
battery_trajectory,gpfp_asap_block,ext2-synthetic-smoke-v1:segment:0:3:scale:1:resampled:60000000000ns,1,a29e7aad9b00789dd853b42ba5fab3d91903a9173f4cd4f2ed3cbb4cb1e2598f,SIM_PASS_OBSERVED,69,20.034599999999998
battery_trajectory,gpfp_asap_block,ext2-synthetic-smoke-v1:segment:0:3:scale:1:resampled:60000000000ns,1,a29e7aad9b00789dd853b42ba5fab3d91903a9173f4cd4f2ed3cbb4cb1e2598f,SIM_PASS_OBSERVED,92,20.057599999999997
battery_trajectory,gpfp_asap_block,ext2-synthetic-smoke-v1:segment:0:3:scale:1:resampled:60000000000ns,1,a29e7aad9b00789dd853b42ba5fab3d91903a9173f4cd4f2ed3cbb4cb1e2598f,SIM_PASS_OBSERVED,92,20.0582
battery_trajectory,gpfp_asap_block,ext2-synthetic-smoke-v1:segment:0:3:scale:1:resampled:60000000000ns,1,a29e7aad9b00789dd853b42ba5fab3d91903a9173f4cd4f2ed3cbb4cb1e2598f,SIM_PASS_OBSERVED,97,20.0607
battery_trajectory,gpfp_asap_block,ext2-synthetic-smoke-v1:segment:0:3:scale:1:resampled:60000000000ns,1,a29e7aad9b00789dd853b42ba5fab3d91903a9173f4cd4f2ed3cbb4cb1e2598f,SIM_PASS_OBSERVED,97,20.0607
battery_trajectory,gpfp_asap_block,ext2-synthetic-smoke-v1:segment:0:3:scale:1:resampled:60000000000ns,1,a29e7aad9b00789dd853b42ba5fab3d91903a9173f4cd4f2ed3cbb4cb1e2598f,SIM_PASS_OBSERVED,97,20.0607
battery_trajectory,gpfp_asap_block,ext2-synthetic-smoke-v1:segment:0:3:scale:1:resampled:60000000000ns,1,a29e7aad9b00789dd853b42ba5fab3d91903a9173f4cd4f2ed3cbb4cb1e2598f,SIM_PASS_OBSERVED,97,20.0611
battery_trajectory,gpfp_asap_block,ext2-synthetic-smoke-v1:segment:0:3:scale:1:resampled:60000000000ns,1,a29e7aad9b00789dd853b42ba5fab3d91903a9173f4cd4f2ed3cbb4cb1e2598f,SIM_PASS_OBSERVED,97,20.0611
battery_trajectory,gpfp_asap_block,ext2-synthetic-smoke-v1:segment:0:3:scale:1:resampled:60000000000ns,1,a29e7aad9b00789dd853b42ba5fab3d91903a9173f4cd4f2ed3cbb4cb1e2598f,SIM_PASS_OBSERVED,101,20.0623
battery_trajectory,gpfp_asap_block,ext2-synthetic-smoke-v1:segment:0:3:scale:1:resampled:60000000000ns,1,a29e7aad9b00789dd853b42ba5fab3d91903a9173f4cd4f2ed3cbb4cb1e2598f,SIM_PASS_OBSERVED,101,20.0623
battery_trajectory,gpfp_asap_block,ext2-synthetic-smoke-v1:segment:0:3:scale:1:resampled:60000000000ns,1,a29e7aad9b00789dd853b42ba5fab3d91903a9173f4cd4f2ed3cbb4cb1e2598f,SIM_PASS_OBSERVED,111,20.0723
battery_trajectory,gpfp_asap_block,ext2-synthetic-smoke-v1:segment:0:3:scale:1:resampled:60000000000ns,1,a29e7aad9b00789dd853b42ba5fab3d91903a9173f4cd4f2ed3cbb4cb1e2598f,SIM_PASS_OBSERVED,111,20.072599999999998
battery_trajectory,gpfp_asap_block,ext2-synthetic-smoke-v1:segment:0:3:scale:1:resampled:60000000000ns,1,a29e7aad9b00789dd853b42ba5fab3d91903a9173f4cd4f2ed3cbb4cb1e2598f,SIM_PASS_OBSERVED,113,20.0729
battery_trajectory,gpfp_asap_block,ext2-synthetic-smoke-v1:segment:0:3:scale:1:resampled:60000000000ns,1,a29e7aad9b00789dd853b42ba5fab3d91903a9173f4cd4f2ed3cbb4cb1e2598f,SIM_PASS_OBSERVED,113,20.0731
battery_trajectory,gpfp_asap_block,ext2-synthetic-smoke-v1:segment:0:3:scale:1:resampled:60000000000ns,1,a29e7aad9b00789dd853b42ba5fab3d91903a9173f4cd4f2ed3cbb4cb1e2598f,SIM_PASS_OBSERVED,115,20.073400000000003
battery_trajectory,gpfp_asap_block,ext2-synthetic-smoke-v1:segment:0:3:scale:1:resampled:60000000000ns,1,a29e7aad9b00789dd853b42ba5fab3d91903a9173f4cd4f2ed3cbb4cb1e2598f,SIM_PASS_OBSERVED,119,20.0746
battery_trajectory,gpfp_asap_block,ext2-synthetic-smoke-v1:segment:0:3:scale:1:resampled:60000000000ns,1,a29e7aad9b00789dd853b42ba5fab3d91903a9173f4cd4f2ed3cbb4cb1e2598f,SIM_PASS_OBSERVED,135,20.0906
battery_trajectory,gpfp_asap_block,ext2-synthetic-smoke-v1:segment:0:3:scale:1:resampled:60000000000ns,1,a29e7aad9b00789dd853b42ba5fab3d91903a9173f4cd4f2ed3cbb4cb1e2598f,SIM_PASS_OBSERVED,135,20.0916
battery_trajectory,gpfp_asap_block,ext2-synthetic-smoke-v1:segment:0:3:scale:1:resampled:60000000000ns,1,a29e7aad9b00789dd853b42ba5fab3d91903a9173f4cd4f2ed3cbb4cb1e2598f,SIM_PASS_OBSERVED,141,20.0963
battery_trajectory,gpfp_asap_block,ext2-synthetic-smoke-v1:segment:0:3:scale:1:resampled:60000000000ns,1,a29e7aad9b00789dd853b42ba5fab3d91903a9173f4cd4f2ed3cbb4cb1e2598f,SIM_PASS_OBSERVED,141,20.0972
battery_trajectory,gpfp_asap_block,ext2-synthetic-smoke-v1:segment:0:3:scale:1:resampled:60000000000ns,1,a29e7aad9b00789dd853b42ba5fab3d91903a9173f4cd4f2ed3cbb4cb1e2598f,SIM_PASS_OBSERVED,148,20.102700000000002
battery_trajectory,gpfp_asap_block,ext2-synthetic-smoke-v1:segment:0:3:scale:1:resampled:60000000000ns,1,a29e7aad9b00789dd853b42ba5fab3d91903a9173f4cd4f2ed3cbb4cb1e2598f,SIM_PASS_OBSERVED,154,20.108400000000003
battery_trajectory,gpfp_asap_block,ext2-synthetic-smoke-v1:segment:0:3:scale:1:resampled:60000000000ns,1,a29e7aad9b00789dd853b42ba5fab3d91903a9173f4cd4f2ed3cbb4cb1e2598f,SIM_PASS_OBSERVED,161,20.1154
battery_trajectory,gpfp_asap_block,ext2-synthetic-smoke-v1:segment:0:3:scale:1:resampled:60000000000ns,1,a29e7aad9b00789dd853b42ba5fab3d91903a9173f4cd4f2ed3cbb4cb1e2598f,SIM_PASS_OBSERVED,161,20.1157
battery_trajectory,gpfp_asap_block,ext2-synthetic-smoke-v1:segment:0:3:scale:1:resampled:60000000000ns,1,a29e7aad9b00789dd853b42ba5fab3d91903a9173f4cd4f2ed3cbb4cb1e2598f,SIM_PASS_OBSERVED,167,20.1172
battery_trajectory,gpfp_asap_block,ext2-synthetic-smoke-v1:segment:0:3:scale:1:resampled:60000000000ns,1,a29e7aad9b00789dd853b42ba5fab3d91903a9173f4cd4f2ed3cbb4cb1e2598f,SIM_PASS_OBSERVED,167,20.1175
battery_trajectory,gpfp_asap_block,ext2-synthetic-smoke-v1:segment:0:3:scale:1:resampled:60000000000ns,1,a29e7aad9b00789dd853b42ba5fab3d91903a9173f4cd4f2ed3cbb4cb1e2598f,SIM_PASS_OBSERVED,169,20.1177
battery_trajectory,gpfp_asap_block,ext2-synthetic-smoke-v1:segment:0:3:scale:1:resampled:60000000000ns,1,a29e7aad9b00789dd853b42ba5fab3d91903a9173f4cd4f2ed3cbb4cb1e2598f,SIM_PASS_OBSERVED,169,20.1177
battery_trajectory,gpfp_asap_block,ext2-synthetic-smoke-v1:segment:0:3:scale:1:resampled:60000000000ns,1,a29e7aad9b00789dd853b42ba5fab3d91903a9173f4cd4f2ed3cbb4cb1e2598f,SIM_PASS_OBSERVED,176,20.1247
battery_trajectory,gpfp_asap_block,ext2-synthetic-smoke-v1:segment:0:3:scale:1:resampled:60000000000ns,1,a29e7aad9b00789dd853b42ba5fab3d91903a9173f4cd4f2ed3cbb4cb1e2598f,SIM_PASS_OBSERVED,176,20.125400000000003
battery_trajectory,gpfp_asap_block,ext2-synthetic-smoke-v1:segment:0:3:scale:1:resampled:60000000000ns,1,a29e7aad9b00789dd853b42ba5fab3d91903a9173f4cd4f2ed3cbb4cb1e2598f,SIM_PASS_OBSERVED,181,20.1279
battery_trajectory,gpfp_asap_block,ext2-synthetic-smoke-v1:segment:0:3:scale:1:resampled:60000000000ns,1,a29e7aad9b00789dd853b42ba5fab3d91903a9173f4cd4f2ed3cbb4cb1e2598f,SIM_PASS_OBSERVED,181,20.1279
battery_trajectory,gpfp_asap_block,ext2-synthetic-smoke-v1:segment:0:3:scale:1:resampled:60000000000ns,1,a29e7aad9b00789dd853b42ba5fab3d91903a9173f4cd4f2ed3cbb4cb1e2598f,SIM_PASS_OBSERVED,181,20.1283
battery_trajectory,gpfp_asap_block,ext2-synthetic-smoke-v1:segment:0:3:scale:1:resampled:60000000000ns,1,a29e7aad9b00789dd853b42ba5fab3d91903a9173f4cd4f2ed3cbb4cb1e2598f,SIM_PASS_OBSERVED,185,20.1296
battery_trajectory,gpfp_asap_block,ext2-synthetic-smoke-v1:segment:0:3:scale:1:resampled:60000000000ns,1,a29e7aad9b00789dd853b42ba5fab3d91903a9173f4cd4f2ed3cbb4cb1e2598f,SIM_PASS_OBSERVED,192,20.136599999999998
battery_trajectory,gpfp_asap_block,ext2-synthetic-smoke-v1:segment:0:3:scale:1:resampled:60000000000ns,1,a29e7aad9b00789dd853b42ba5fab3d91903a9173f4cd4f2ed3cbb4cb1e2598f,SIM_PASS_OBSERVED,192,20.1376
battery_trajectory,gpfp_asap_block,ext2-synthetic-smoke-v1:segment:0:3:scale:1:resampled:60000000000ns,1,a29e7aad9b00789dd853b42ba5fab3d91903a9173f4cd4f2ed3cbb4cb1e2598f,SIM_PASS_OBSERVED,196,20.1405
battery_trajectory,gpfp_asap_block,ext2-synthetic-smoke-v1:segment:0:3:scale:1:resampled:60000000000ns,1,a29e7aad9b00789dd853b42ba5fab3d91903a9173f4cd4f2ed3cbb4cb1e2598f,SIM_PASS_OBSERVED,200,20.1445
battery_trajectory,gpfp_asap_block,ext2-synthetic-smoke-v1:segment:0:3:scale:1:resampled:60000000000ns,1,a29e7aad9b00789dd853b42ba5fab3d91903a9173f4cd4f2ed3cbb4cb1e2598f,SIM_PASS_OBSERVED,200,20.1449
battery_trajectory,gpfp_asap_block,ext2-synthetic-smoke-v1:segment:0:3:scale:1:resampled:60000000000ns,1,a29e7aad9b00789dd853b42ba5fab3d91903a9173f4cd4f2ed3cbb4cb1e2598f,SIM_PASS_OBSERVED,204,20.1462
battery_trajectory,gpfp_asap_block,ext2-synthetic-smoke-v1:segment:0:3:scale:1:resampled:60000000000ns,1,a29e7aad9b00789dd853b42ba5fab3d91903a9173f4cd4f2ed3cbb4cb1e2598f,SIM_PASS_OBSERVED,204,20.1466
battery_trajectory,gpfp_asap_block,ext2-synthetic-smoke-v1:segment:0:3:scale:1:resampled:60000000000ns,1,a29e7aad9b00789dd853b42ba5fab3d91903a9173f4cd4f2ed3cbb4cb1e2598f,SIM_PASS_OBSERVED,210,20.1486
battery_trajectory,gpfp_asap_block,ext2-synthetic-smoke-v1:segment:0:3:scale:1:resampled:60000000000ns,1,a29e7aad9b00789dd853b42ba5fab3d91903a9173f4cd4f2ed3cbb4cb1e2598f,SIM_PASS_OBSERVED,211,20.149
battery_trajectory,gpfp_asap_block,ext2-synthetic-smoke-v1:segment:0:3:scale:1:resampled:60000000000ns,1,a29e7aad9b00789dd853b42ba5fab3d91903a9173f4cd4f2ed3cbb4cb1e2598f,SIM_PASS_OBSERVED,211,20.148799999999998
battery_trajectory,gpfp_asap_block,ext2-synthetic-smoke-v1:segment:0:3:scale:1:resampled:60000000000ns,1,a29e7aad9b00789dd853b42ba5fab3d91903a9173f4cd4f2ed3cbb4cb1e2598f,SIM_PASS_OBSERVED,219,20.147
battery_trajectory,gpfp_asap_block,ext2-synthetic-smoke-v1:segment:0:3:scale:1:resampled:60000000000ns,1,a29e7aad9b00789dd853b42ba5fab3d91903a9173f4cd4f2ed3cbb4cb1e2598f,SIM_PASS_OBSERVED,221,20.1479
battery_trajectory,gpfp_asap_block,ext2-synthetic-smoke-v1:segment:0:3:scale:1:resampled:60000000000ns,1,a29e7aad9b00789dd853b42ba5fab3d91903a9173f4cd4f2ed3cbb4cb1e2598f,SIM_PASS_OBSERVED,221,20.1483
battery_trajectory,gpfp_asap_block,ext2-synthetic-smoke-v1:segment:0:3:scale:1:resampled:60000000000ns,1,a29e7aad9b00789dd853b42ba5fab3d91903a9173f4cd4f2ed3cbb4cb1e2598f,SIM_PASS_OBSERVED,223,20.1487
battery_trajectory,gpfp_asap_block,ext2-synthetic-smoke-v1:segment:0:3:scale:1:resampled:60000000000ns,1,a29e7aad9b00789dd853b42ba5fab3d91903a9173f4cd4f2ed3cbb4cb1e2598f,SIM_PASS_OBSERVED,228,20.1509
battery_trajectory,gpfp_asap_block,ext2-synthetic-smoke-v1:segment:0:3:scale:1:resampled:60000000000ns,1,a29e7aad9b00789dd853b42ba5fab3d91903a9173f4cd4f2ed3cbb4cb1e2598f,SIM_PASS_OBSERVED,245,20.167900000000003
battery_trajectory,gpfp_asap_block,ext2-synthetic-smoke-v1:segment:0:3:scale:1:resampled:60000000000ns,1,a29e7aad9b00789dd853b42ba5fab3d91903a9173f4cd4f2ed3cbb4cb1e2598f,SIM_PASS_OBSERVED,245,20.1688
battery_trajectory,gpfp_asap_block,ext2-synthetic-smoke-v1:segment:0:3:scale:1:resampled:60000000000ns,1,a29e7aad9b00789dd853b42ba5fab3d91903a9173f4cd4f2ed3cbb4cb1e2598f,SIM_PASS_OBSERVED,260,20.1822
battery_trajectory,gpfp_asap_block,ext2-synthetic-smoke-v1:segment:0:3:scale:1:resampled:60000000000ns,1,a29e7aad9b00789dd853b42ba5fab3d91903a9173f4cd4f2ed3cbb4cb1e2598f,SIM_PASS_OBSERVED,260,20.1822
battery_trajectory,gpfp_asap_block,ext2-synthetic-smoke-v1:segment:0:3:scale:1:resampled:60000000000ns,1,a29e7aad9b00789dd853b42ba5fab3d91903a9173f4cd4f2ed3cbb4cb1e2598f,SIM_PASS_OBSERVED,260,20.1828
battery_trajectory,gpfp_asap_block,ext2-synthetic-smoke-v1:segment:0:3:scale:1:resampled:60000000000ns,1,a29e7aad9b00789dd853b42ba5fab3d91903a9173f4cd4f2ed3cbb4cb1e2598f,SIM_PASS_OBSERVED,261,20.1828
battery_trajectory,gpfp_asap_block,ext2-synthetic-smoke-v1:segment:0:3:scale:1:resampled:60000000000ns,1,a29e7aad9b00789dd853b42ba5fab3d91903a9173f4cd4f2ed3cbb4cb1e2598f,SIM_PASS_OBSERVED,261,20.1827
battery_trajectory,gpfp_asap_block,ext2-synthetic-smoke-v1:segment:0:3:scale:1:resampled:60000000000ns,1,a29e7aad9b00789dd853b42ba5fab3d91903a9173f4cd4f2ed3cbb4cb1e2598f,SIM_PASS_OBSERVED,264,20.182599999999997
battery_trajectory,gpfp_asap_block,ext2-synthetic-smoke-v1:segment:0:3:scale:1:resampled:60000000000ns,1,a29e7aad9b00789dd853b42ba5fab3d91903a9173f4cd4f2ed3cbb4cb1e2598f,SIM_PASS_OBSERVED,264,20.1825
battery_trajectory,gpfp_asap_block,ext2-synthetic-smoke-v1:segment:0:3:scale:1:resampled:60000000000ns,1,a29e7aad9b00789dd853b42ba5fab3d91903a9173f4cd4f2ed3cbb4cb1e2598f,SIM_PASS_OBSERVED,265,20.1825
battery_trajectory,gpfp_asap_block,ext2-synthetic-smoke-v1:segment:0:3:scale:1:resampled:60000000000ns,1,a29e7aad9b00789dd853b42ba5fab3d91903a9173f4cd4f2ed3cbb4cb1e2598f,SIM_PASS_OBSERVED,265,20.1825
battery_trajectory,gpfp_asap_block,ext2-synthetic-smoke-v1:segment:0:3:scale:1:resampled:60000000000ns,1,a29e7aad9b00789dd853b42ba5fab3d91903a9173f4cd4f2ed3cbb4cb1e2598f,SIM_PASS_OBSERVED,265,20.1822
battery_trajectory,gpfp_asap_block,ext2-synthetic-smoke-v1:segment:0:3:scale:1:resampled:60000000000ns,1,a29e7aad9b00789dd853b42ba5fab3d91903a9173f4cd4f2ed3cbb4cb1e2598f,SIM_PASS_OBSERVED,269,20.1813
battery_trajectory,gpfp_asap_block,ext2-synthetic-smoke-v1:segment:0:3:scale:1:resampled:60000000000ns,1,a29e7aad9b00789dd853b42ba5fab3d91903a9173f4cd4f2ed3cbb4cb1e2598f,SIM_PASS_OBSERVED,269,20.1813
battery_trajectory,gpfp_asap_block,ext2-synthetic-smoke-v1:segment:0:3:scale:1:resampled:60000000000ns,1,a29e7aad9b00789dd853b42ba5fab3d91903a9173f4cd4f2ed3cbb4cb1e2598f,SIM_PASS_OBSERVED,275,20.187
battery_trajectory,gpfp_asap_block,ext2-synthetic-smoke-v1:segment:0:3:scale:1:resampled:60000000000ns,1,a29e7aad9b00789dd853b42ba5fab3d91903a9173f4cd4f2ed3cbb4cb1e2598f,SIM_PASS_OBSERVED,275,20.187900000000003
battery_trajectory,gpfp_asap_block,ext2-synthetic-smoke-v1:segment:0:3:scale:1:resampled:60000000000ns,1,a29e7aad9b00789dd853b42ba5fab3d91903a9173f4cd4f2ed3cbb4cb1e2598f,SIM_PASS_OBSERVED,277,20.1888
battery_trajectory,gpfp_asap_block,ext2-synthetic-smoke-v1:segment:0:3:scale:1:resampled:60000000000ns,1,a29e7aad9b00789dd853b42ba5fab3d91903a9173f4cd4f2ed3cbb4cb1e2598f,SIM_PASS_OBSERVED,282,20.1936
battery_trajectory,gpfp_asap_block,ext2-synthetic-smoke-v1:segment:0:3:scale:1:resampled:60000000000ns,1,a29e7aad9b00789dd853b42ba5fab3d91903a9173f4cd4f2ed3cbb4cb1e2598f,SIM_PASS_OBSERVED,282,20.1945
battery_trajectory,gpfp_asap_block,ext2-synthetic-smoke-v1:segment:0:3:scale:1:resampled:60000000000ns,1,a29e7aad9b00789dd853b42ba5fab3d91903a9173f4cd4f2ed3cbb4cb1e2598f,SIM_PASS_OBSERVED,283,20.1945
battery_trajectory,gpfp_asap_block,ext2-synthetic-smoke-v1:segment:0:3:scale:1:resampled:60000000000ns,1,a29e7aad9b00789dd853b42ba5fab3d91903a9173f4cd4f2ed3cbb4cb1e2598f,SIM_PASS_OBSERVED,287,20.1983
battery_trajectory,gpfp_asap_block,ext2-synthetic-smoke-v1:segment:0:3:scale:1:resampled:60000000000ns,1,a29e7aad9b00789dd853b42ba5fab3d91903a9173f4cd4f2ed3cbb4cb1e2598f,SIM_PASS_OBSERVED,287,20.1992
battery_trajectory,gpfp_asap_block,ext2-synthetic-smoke-v1:segment:0:3:scale:1:resampled:60000000000ns,1,a29e7aad9b00789dd853b42ba5fab3d91903a9173f4cd4f2ed3cbb4cb1e2598f,SIM_PASS_OBSERVED,289,20.2001
battery_trajectory,gpfp_asap_block,ext2-synthetic-smoke-v1:segment:0:3:scale:1:resampled:60000000000ns,1,a29e7aad9b00789dd853b42ba5fab3d91903a9173f4cd4f2ed3cbb4cb1e2598f,SIM_PASS_OBSERVED,291,20.202
